{
  "control_j0_lr0.0005": {
    "max_adv": 0.06331191616439902,
    "final_adv": 0.018389918728226484,
    "collapse": null,
    "traj": {
      "1": 0.05272578971939934,
      "2": 0.014799841064270125,
      "3": 0.06331191616439902,
      "4": 0.0433823824657692,
      "5": 0.05294058069074714,
      "6": -0.006602545009316119,
      "7": -0.014519126524707326,
      "8": -0.04035541193540215,
      "9": -0.038529688678945684,
      "10": -0.05109496050279305,
      "11": -0.055022566836010256,
      "12": -0.04962210812783652,
      "13": -0.03786997355266308,
      "14": 0.017714861389704795,
      "15": 0.008141320952487652,
      "16": 0.008954458201161586,
      "17": 0.029344258266965295,
      "18": 0.02363695531400889,
      "19": 0.010672785971944099,
      "20": 0.02032303747035691,
      "21": 0.021504387812769865,
      "22": 0.02053782844170471,
      "23": 0.0119922162245093,
      "24": 0.012375771530487523,
      "25": 0.018389918728226484
    },
    "loss": {
      "1": 5.546981334686279,
      "2": 5.545173168182373,
      "3": 5.545173168182373,
      "4": 5.544960975646973,
      "5": 5.545100688934326,
      "6": 5.545013427734375,
      "7": 5.544651031494141,
      "8": 5.54487419128418,
      "9": 5.545164585113525,
      "10": 5.545287609100342,
      "11": 5.5448455810546875,
      "12": 5.544802188873291,
      "13": 5.544813632965088,
      "14": 5.544689655303955,
      "15": 5.545032501220703,
      "16": 5.544590950012207,
      "17": 5.545557022094727,
      "18": 5.54447078704834,
      "19": 5.544460296630859,
      "20": 5.544264793395996,
      "21": 5.544885635375977,
      "22": 5.54534912109375,
      "23": 5.544864654541016,
      "24": 5.5450053215026855,
      "25": 5.544437408447266
    }
  },
  "control_j0_lr0.0002": {
    "max_adv": 0.027334428463639204,
    "final_adv": 0.0216578099351612,
    "collapse": null,
    "traj": {
      "1": -0.044114253933988934,
      "2": 0.01917237155242213,
      "3": 0.027334428463639204,
      "4": 0.011424554371661455,
      "5": -0.02360171617027218,
      "6": -0.008888534632946588,
      "7": -0.009870436216250944,
      "8": 0.005640540357509494,
      "9": -0.02337158298668518,
      "10": 0.004397821166139959,
      "11": -0.000910584268599024,
      "12": -0.0308125559226633,
      "13": -0.04709064310838018,
      "14": -0.005298456968990228,
      "15": -0.01734209357670724,
      "16": -0.060699185364488484,
      "17": -0.049928952372619184,
      "18": -0.013445171667968214,
      "19": -0.030889266983858965,
      "20": -0.02002698071855491,
      "21": -0.023049396529663424,
      "22": -0.002015223549816314,
      "23": 0.016809670867596105,
      "24": 0.018865527307639574,
      "25": 0.0216578099351612
    },
    "loss": {
      "1": 5.566411972045898,
      "2": 5.546288967132568,
      "3": 5.545026779174805,
      "4": 5.5451459884643555,
      "5": 5.54512882232666,
      "6": 5.545116424560547,
      "7": 5.544867992401123,
      "8": 5.545023441314697,
      "9": 5.545104026794434,
      "10": 5.545210838317871,
      "11": 5.5449419021606445,
      "12": 5.544905662536621,
      "13": 5.544894218444824,
      "14": 5.544821262359619,
      "15": 5.544852256774902,
      "16": 5.544651985168457,
      "17": 5.545446395874023,
      "18": 5.544532775878906,
      "19": 5.544608116149902,
      "20": 5.5446367263793945,
      "21": 5.544669151306152,
      "22": 5.54521369934082,
      "23": 5.544812202453613,
      "24": 5.544802665710449,
      "25": 5.544300556182861
    }
  },
  "control_verdict": "FAIL at both LRs: conv arm twice attempted, still unpowered"
}