{
  "control_j0": {
    "max_adv": 0.03571127634620419,
    "final_adv": -0.04960676591559743,
    "collapse": null,
    "traj": {
      "1": 0.014431627970530991,
      "2": 0.00886240492772683,
      "3": -0.016528956328033306,
      "4": -0.007185549074403053,
      "5": -0.009226063302207432,
      "6": -0.05000566343381485,
      "7": 0.03571127634620419,
      "8": 0.02742648173707407,
      "9": 0.0045819277130095815,
      "10": -0.015884583413989795,
      "11": 0.02834701447142185,
      "12": 0.013219593203639746,
      "13": 0.013050828869009323,
      "14": -0.05221494199624965,
      "15": -0.05552885983990152,
      "16": -0.05347300339985828,
      "17": -0.0066639138582726964,
      "18": 0.007266814854857251,
      "19": -0.03191719520388059,
      "20": -0.04620079479851058,
      "21": -0.040063909902858574,
      "22": -0.03997185662942382,
      "23": -0.048103229116162716,
      "24": -0.04903910406274958,
      "25": -0.04960676591559743
    },
    "loss": {
      "1": 5.54727840423584,
      "2": 5.545172691345215,
      "3": 5.545177459716797,
      "4": 5.544965744018555,
      "5": 5.545110702514648,
      "6": 5.545003890991211,
      "7": 5.544658184051514,
      "8": 5.54487943649292,
      "9": 5.545175075531006,
      "10": 5.5452704429626465,
      "11": 5.5448455810546875,
      "12": 5.544795989990234,
      "13": 5.544812202453613,
      "14": 5.544699668884277,
      "15": 5.545042991638184,
      "16": 5.544604301452637,
      "17": 5.545616149902344,
      "18": 5.544508457183838,
      "19": 5.544463157653809,
      "20": 5.544260025024414,
      "21": 5.544859886169434,
      "22": 5.545350074768066,
      "23": 5.544836044311523,
      "24": 5.545003890991211,
      "25": 5.544346809387207
    },
    "verdict": "FAIL"
  }
}