{
  "full_s43": {
    "max_adv": 0.034123761272773945,
    "final_adv": 0.011062862735699674,
    "traj": {
      "1": -0.010220584485560291,
      "2": -0.020785693815336126,
      "3": -0.01615052982366505,
      "4": 0.008281764340697051,
      "5": 0.015123419620965195,
      "6": -0.0033559449210358583,
      "7": -0.002336974985676754,
      "8": 0.0055159888018652126,
      "9": 0.0273970274137868,
      "10": 0.005814784497196079,
      "11": 0.008404347190063555,
      "12": 0.033625768447222426,
      "13": 0.021696924918244154,
      "14": 0.012326998369791786,
      "15": -0.007822557494827853,
      "16": -0.004872907681946259,
      "17": 0.034123761272773945,
      "18": 0.020042056451796353,
      "19": 0.015100435336709017,
      "20": 0.02792566595167989,
      "21": 0.005217193106534346,
      "22": -0.008014093196963001,
      "23": -0.0026817392495199766,
      "24": -0.03131249600468489,
      "25": 0.005332114527815457,
      "26": 0.006450683028284776,
      "27": 0.002436094711531722,
      "28": 0.012457242647243683,
      "29": 0.015468183884808528,
      "30": 0.011062862735699674
    }
  },
  "full_s44": {
    "max_adv": 0.03351105846067115,
    "final_adv": 0.010132828271731897,
    "traj": {
      "1": 0.014494723920732033,
      "2": 0.003031356057219381,
      "3": -0.016811442921477626,
      "4": 0.015994603828107468,
      "5": -0.010383386175582654,
      "6": 0.024993883272360407,
      "7": -0.0039170671871526785,
      "8": 0.007936575550217762,
      "9": -0.003664536386421169,
      "10": 0.03351105846067115,
      "11": 0.019820828081616337,
      "12": -0.03908006807689923,
      "13": 0.004485321273552723,
      "14": 0.007125416008473939,
      "15": 0.008923741407623087,
      "16": 0.008617643467342395,
      "17": 0.005105169602621196,
      "18": -0.02106620429137962,
      "19": 0.004033826811638663,
      "20": 0.005434224888422934,
      "21": -0.0009555696149368131,
      "22": -0.011783784252366925,
      "23": -0.027203467994007857,
      "24": -0.003633926592393033,
      "25": -2.1970897080780816e-05,
      "26": 0.0015161712528298787,
      "27": 0.008556423879286235,
      "28": 0.005059254911579103,
      "29": 0.006566787267461627,
      "30": 0.010132828271731897
    }
  },
  "full_s45": {
    "max_adv": 0.029037958640345307,
    "final_adv": 0.013187047898227111,
    "traj": {
      "1": 0.002640184063056328,
      "2": 0.00034405986091468055,
      "3": 0.0002598686401694694,
      "4": -0.02574756482275542,
      "5": -0.03567447512334798,
      "6": -0.016364070583336332,
      "7": -0.032253250062156846,
      "8": 0.008962179366286516,
      "9": 0.00196665429709475,
      "10": 0.029037958640345307,
      "11": 0.00821211212692019,
      "12": -0.02767630915255448,
      "13": -0.0057559767694417285,
      "14": 0.028502196326512186,
      "15": 0.008449378294474785,
      "16": 0.003612209975296321,
      "17": 0.026757141932884476,
      "18": 0.014319802504617063,
      "19": 0.0187742834567719,
      "20": 0.0007344009752787706,
      "21": -0.030707193099381414,
      "22": 0.012253290722689547,
      "23": 0.004829155802431373,
      "24": 0.004660773360941062,
      "25": -0.007279072490195659,
      "26": 0.0016834656454973729,
      "27": -0.0024342504236767315,
      "28": 0.015498479595049797,
      "29": 0.018843167182836185,
      "30": 0.013187047898227111
    }
  },
  "full_s46": {
    "max_adv": 0.025734068545951727,
    "final_adv": 0.02162540884556563,
    "traj": {
      "1": -0.04351524438928678,
      "2": 0.01760873406384489,
      "3": -0.00679026561214191,
      "4": -0.016755298467555857,
      "5": -0.007863422996571057,
      "6": 0.008348918918198667,
      "7": 0.0002695768954245059,
      "8": 0.003197763472938542,
      "9": -0.024880632949662695,
      "10": -0.0030955380457498016,
      "11": 0.020973849005019307,
      "12": -0.016157396496230936,
      "13": -0.009864094977542592,
      "14": -0.0383257618945827,
      "15": -0.012953255162720945,
      "16": -0.023117588675243272,
      "17": 0.022905532296991882,
      "18": -0.008760275953558327,
      "19": -0.01397275467792869,
      "20": -0.007104547417581708,
      "21": 0.02052925523147009,
      "22": -0.011596477612406897,
      "23": -0.003386823621523538,
      "24": -0.01939986487918488,
      "25": 0.003611695606932641,
      "26": 0.00906946744774395,
      "27": 0.00867086613352741,
      "28": 0.025734068545951727,
      "29": 0.00878584728185916,
      "30": 0.02162540884556563
    }
  },
  "bits32_s43": {
    "max_adv": 0.037173009650765754,
    "final_adv": -0.014342432795509064,
    "traj": {
      "1": -0.005646711918572356,
      "2": -4.620798814003457e-05,
      "3": 0.011292705578261897,
      "4": 0.004090963177979523,
      "5": -0.004574111986615392,
      "6": -0.023099445097128912,
      "7": -0.01469485848743779,
      "8": -0.0018619664443815243,
      "9": -0.008466117454002164,
      "10": -0.02874591759607381,
      "11": 0.0023364961464213962,
      "12": -0.0026817392495199766,
      "13": -0.0015555093209651538,
      "14": -0.027267261975590262,
      "15": -0.023720020772046935,
      "16": 0.019321882211768115,
      "17": 0.028576887338939372,
      "18": 0.037173009650765754,
      "19": -0.009477425961275765,
      "20": 0.00841967004623434,
      "21": -0.002827306383142769,
      "22": -0.0180199182765044,
      "23": -0.010956081581759314,
      "24": -0.00697213897734783,
      "25": -0.04735552641552676,
      "26": -0.023168397949897557,
      "27": -0.01550696986449096,
      "28": 0.001103006224670855,
      "29": -0.01749894116669659,
      "30": -0.014342432795509064
    }
  },
  "bits32_s44": {
    "max_adv": 0.03709240436195549,
    "final_adv": 0.0013248600401544186,
    "traj": {
      "1": 0.012336733441753012,
      "2": -0.0034885300707596656,
      "3": 0.027289617824465706,
      "4": 0.03083270148321493,
      "5": 0.02070085965992341,
      "6": 0.018627046114521595,
      "7": -0.007161705354128189,
      "8": -0.010551740042737068,
      "9": -0.0013228871432737765,
      "10": -0.025359227903816395,
      "11": 0.03709240436195549,
      "12": 0.032018831001802694,
      "13": -0.006794387825791448,
      "14": -0.0024860593163404943,
      "15": -0.028932921356593866,
      "16": -0.003886457393124765,
      "17": 0.022338483640425233,
      "18": -0.0022335285156087625,
      "19": 0.014341674950591687,
      "20": -0.02030861188918487,
      "21": 0.010125175823224808,
      "22": 0.017165428449681164,
      "23": -0.0038099329080545363,
      "24": -0.0075060655369441065,
      "25": -0.009656403567416039,
      "26": -0.013107657844080967,
      "27": -0.02177022955402519,
      "28": -0.0049118854930649825,
      "29": -0.00996250150769673,
      "30": 0.0013248600401544186
    }
  },
  "bits32_s45": {
    "max_adv": 0.0631507105368303,
    "final_adv": 0.020381570398271154,
    "traj": {
      "1": -0.013945486423747155,
      "2": -0.011350866075326982,
      "3": 0.02791285778129582,
      "4": 0.0631507105368303,
      "5": 0.013447275307803208,
      "6": 0.009046370587031616,
      "7": 0.012842629267905914,
      "8": 0.017503761398253492,
      "9": 0.005357264368924031,
      "10": -0.026107290947757544,
      "11": 0.014832603576428682,
      "12": 0.005234804411476501,
      "13": -0.025915947264245842,
      "14": -0.011113599907772276,
      "15": -0.012437698197674152,
      "16": -0.004569645931668642,
      "17": 0.012230329480668156,
      "18": -0.027048701870635572,
      "19": -0.0204052491791058,
      "20": -0.004783950857201846,
      "21": -0.0009876921763274371,
      "22": -0.016042613195036415,
      "23": 0.010867962454064073,
      "24": -0.003077165200276344,
      "25": 0.002640184063056328,
      "26": 0.01898093463496464,
      "27": 0.02289965327328647,
      "28": 0.019011549624326607,
      "29": 0.01937127574932873,
      "30": 0.020381570398271154
    }
  },