{
  "f64_s43": {
    "max_adv": 0.056644811987744514,
    "final_adv": -0.01365719453712222,
    "traj": {
      "1": -0.026479765786046494,
      "2": -0.000849942967109385,
      "3": 0.028640438937525214,
      "4": -0.007988913339867842,
      "5": -0.01204862825141495,
      "6": 0.016108941587919423,
      "7": -0.02484056014251612,
      "8": -0.020014861285394092,
      "9": 0.056644811987744514,
      "10": -0.06669392292873,
      "11": -0.03712694262953797,
      "12": -0.03599328639008692,
      "13": -0.03551837634383048,
      "14": -0.044955298553313705,
      "15": -0.03089183331255807,
      "16": -0.002795542188869682,
      "17": -0.024932478215984988,
      "18": -0.003224493198391798,
      "19": -0.009398323799725494,
      "20": -0.020045500643216974,
      "21": -0.025744421198294454,
      "22": -0.01428530137249373,
      "23": -0.021393632387428863,
      "24": -0.011987349535768743,
      "25": -0.015097244354802974,
      "26": -0.011252004948016925,
      "27": -0.015464916648679106,
      "28": -0.014944047565688123,
      "29": -0.010256225818769504,
      "30": -0.01365719453712222
    }
  },
  "f32_s43": {
    "max_adv": 0.05811550116324837,
    "final_adv": -0.013856350362971614,
    "traj": {
      "1": -0.026479765786046494,
      "2": 0.006641380020613319,
      "3": 0.03135202210486043,
      "4": -0.00786635590857565,
      "5": -0.011497119810600864,
      "6": 0.016721728744379383,
      "7": -0.027383626841824826,
      "8": -0.025254191473126575,
      "9": 0.05811550116324837,
      "10": -0.06234313411786441,
      "11": -0.02631124931801998,
      "12": -0.03538049923362707,
      "13": -0.029099430879912624,
      "14": -0.059080042509715325,
      "15": -0.014224022656847524,
      "16": 0.004435346257357531,
      "17": -0.029589660605080725,
      "18": -0.01454573591398911,
      "19": -0.0066407815956559535,
      "20": -0.004465387190223158,
      "21": -0.016246220273165468,
      "22": -0.011880111783388436,
      "23": -0.01601642508949297,
      "24": -0.014561055592900551,
      "25": -0.01716540100785524,
      "26": -0.014698932703104184,
      "27": -0.01491340820786502,
      "28": -0.014867449171130476,
      "29": -0.01381039132623707,
      "30": -0.013856350362971614
    }
  },
  "f64_s44": {
    "max_adv": 0.040072848196278654,
    "final_adv": -0.02725526931019706,
    "traj": {
      "1": 0.007901737238556139,
      "2": 0.015083198942112519,
      "3": -0.05625673725590219,
      "4": 0.0033386762840577067,
      "5": -0.05948762940824848,
      "6": -0.025739353087058436,
      "7": -0.012800472192591172,
      "8": 0.005084276783429598,
      "9": 0.03253920393583143,
      "10": 0.040072848196278654,
      "11": 0.009172656900379605,
      "12": -0.021589723829779528,
      "13": -0.048600594714797385,
      "14": 0.018069094533143426,
      "15": -0.004700273384102394,
      "16": -0.029337740081377683,
      "17": -0.017087912015609996,
      "18": -0.013351714455550834,
      "19": -0.00716555128233809,
      "20": -0.01639885918691042,
      "21": -0.011162057688794746,
      "22": -0.018282270252022226,
      "23": -0.014117328709661203,
      "24": -0.025126861683769874,
      "25": -0.026704027047237622,
      "26": -0.028648687252678107,
      "27": -0.029123368090226753,
      "28": -0.029062118949897853,
      "29": -0.028908996099075823,
      "30": -0.02725526931019706
    }
  },
  "f32_s44": {
    "max_adv": 0.041175332722197755,
    "final_adv": -0.020441302448613863,
    "traj": {
      "1": 0.011285752241724567,
      "2": 0.015006637516701504,
      "3": -0.059120134566275295,
      "4": 0.001929946056494436,
      "5": -0.06011543309661893,
      "6": -0.028250567840540697,
      "7": -0.011054871693219281,
      "8": 0.012219801631739302,
      "9": 0.03532603982079363,
      "10": 0.041175332722197755,
      "11": 0.016415367744264775,
      "12": -0.01943069163318789,
      "13": -0.05317896795437793,
      "14": 0.006753315857390474,
      "15": -0.005971193045925638,
      "16": -0.02293720491701401,
      "17": -0.0087274043607235,
      "18": -0.011024247123054831,
      "19": -0.0072574249928314405,
      "20": -0.00912552377286091,
      "21": -0.016414171471992756,
      "22": -0.019752249619914286,
      "23": -0.016751041743801265,
      "24": -0.025678103946729536,
      "25": -0.028189318700211796,
      "26": -0.019308193352530312,
      "27": -0.023963128017522095,
      "28": -0.02554029338098962,
      "29": -0.02302907862750736,
      "30": -0.020441302448613863
    }
  },
  "f64_s45": {
    "max_adv": 0.062152468893628354,
    "final_adv": 0.03726198990725804,
    "traj": {
      "1": 0.026378145774841544,
      "2": -0.014539597355888834,
      "3": 0.0025439048266382436,
      "4": -0.006885698528591666,
      "5": 0.017744547897650342,
      "6": 0.033037037754590104,
      "7": 0.026225067798295587,
      "8": -0.029326929890227005,
      "9": 0.03753753026504081,
      "10": -0.0046048366780573335,
      "11": 0.0412879406904163,
      "12": 0.015708610809589407,
      "13": 0.022290963801064878,
      "14": 0.015417762654152067,
      "15": 0.03005201721194417,
      "16": 0.032623727217915954,
      "17": 0.062152468893628354,
      "18": 0.06192285192880942,
      "19": 0.04127263289276173,
      "20": 0.04356880254095086,
      "21": 0.04785498588423731,
      "22": 0.050717544045646434,
      "23": 0.041930868191909276,
      "24": 0.035807749130071564,
      "25": 0.03410858359041169,
      "26": 0.03984900771088451,
      "27": 0.03914484901877313,
      "28": 0.0402317026522494,
      "29": 0.036527215619837516,
      "30": 0.03726198990725804
    }
  },
  "f32_s45": {
    "max_adv": 0.07164330343947678,
    "final_adv": 0.046660977667178916,
    "traj": {
      "1": 0.028306928279320465,
      "2": -0.011095342883605142,
      "3": 0.005253385011501521,
      "4": -0.0007778872644086388,
      "5": 0.01898447950767257,
      "6": 0.027755847563755043,
      "7": 0.02887331679254046,
      "8": -0.025147901130522676,
      "9": 0.03762937705096836,
      "10": 0.0016866681579810194,
      "11": 0.04543635385481137,
      "12": 0.02141841933475297,
      "13": 0.017836394683578005,
      "14": 0.022750197730702748,
      "15": 0.033588118470155415,
      "16": 0.012677666873979643,
      "17": 0.07164330343947678,
      "18": 0.04797744826547401,
      "19": 0.028153850302774508,
      "20": 0.03761406925331379,
      "21": 0.05283002012198046,
      "22": 0.05873883001665381,
      "23": 0.05333517744458205,
      "24": 0.05335048524223662,
      "25": 0.05050323487848207,
      "26": 0.05419241411323927,
      "27": 0.048421374397457306,
      "28": 0.04744167534756327,
      "29": 0.04693651802496168,
      "30": 0.046660977667178916
    }
  },
  "f64_s46": {
    "max_adv": 0.05346983900798885,
    "final_adv": 0.01808969401582816,
    "traj": {
      "1": 0.02201911575899218,
      "2": 0.001512446036854742,
      "3": 0.05346983900798885,
      "4": -0.010782346214217142,
      "5": -0.011826098864745171,
      "6": -0.007451547314738294,
      "7": 0.012072766971608195,
      "8": -0.02567117078792469,
      "9": -0.001772304951571435,
      "10": -0.016154602503699378,
      "11": -0.025747917306345958,
      "12": 0.03397622332901096,
      "13": -0.029523846012667665,
      "14": -0.012839152907904605,
      "15": -0.008710190216845382,
      "16": -0.029585243227404634,
      "17": 0.010491788692131965,
      "18": 0.03466694199480147,
      "19": 0.02404522384531116,
      "20": 0.035234866231118156,
      "21": 0.03041518487426853,
      "22": 0.02261773860267735,
      "23": 0.017690612120038085,
      "24": 0.025257818836365686,
      "25": 0.015142627708455092,
      "26": 0.016124983144246152,
      "27": 0.014620751383191077,
      "28": 0.01641661991424659,
      "29": 0.017260831616879413,
      "30": 0.01808969401582816
    }
  },
  "f32_s46": {
    "max_adv": 0.05343914040062048,