{
  "width8_k4_s43": {
    "max_adv": 0.0324855056042026,
    "final_adv": 0.005717721995145197,
    "traj": {
      "1": 0.01897145009219281,
      "2": 0.016819920574416725,
      "3": -0.004121122952691847,
      "4": -0.012819121287900526,
      "5": 0.0035202523453170542,
      "6": -0.005277282942671269,
      "7": 0.017424798979770117,
      "8": -0.012673644203068601,
      "9": 0.025234621428636972,
      "10": 0.011115687511273786,
      "11": 0.03242425209479971,
      "12": 0.007884564890272006,
      "13": -0.0003999722564671515,
      "14": 0.0324855056042026,
      "15": 0.015901117933373565,
      "16": 0.010296421823010271,
      "17": 0.024599116268582133,
      "18": 0.024576146202556104,
      "19": -0.0037689152736253284,
      "20": 0.014469317151081351,
      "21": -0.003347797396480612,
      "22": 0.010572062615323286,
      "23": 0.005717721995145197,
      "24": 0.005717721995145197,
      "25": 0.005717721995145197,
      "26": 0.005717721995145197,
      "27": 0.005717721995145197,
      "28": 0.005717721995145197,
      "29": 0.005717721995145197,
      "30": 0.005717721995145197
    }
  },
  "width8_k4_s44": {
    "max_adv": 1.0,
    "final_adv": 1.0,
    "traj": {
      "1": 0.006151211773901544,
      "2": -0.02021848843186924,
      "3": 0.013362454986232453,
      "4": -0.004945366516698746,
      "5": -0.0027919559506361935,
      "6": -0.03582879919012405,
      "7": 0.022052731078456733,
      "8": 0.017125175939744053,
      "9": 0.039709165043611105,
      "10": 0.040291582136211646,
      "11": 0.12573063694415665,
      "12": 0.09451001542764681,
      "13": 0.07731338443033509,
      "14": 0.1227955613327617,
      "15": 0.6751951835160157,
      "16": 0.8327619972128636,
      "17": 0.9994942167353732,
      "18": 0.9998084154300656,
      "19": 1.0,
      "20": 0.9982834022533877,
      "21": 0.9999693464688105,
      "22": 1.0,
      "23": 1.0,
      "24": 0.9997930886644708,
      "25": 1.0,
      "26": 1.0,
      "27": 1.0,
      "28": 1.0,
      "29": 1.0,
      "30": 1.0
    }
  },
  "width12_k4_s43": {
    "max_adv": 0.994733018921724,
    "final_adv": 0.9585608014873432,
    "traj": {
      "1": -0.003229751983767626,
      "2": 0.010657317312733228,
      "3": -0.022651744709910382,
      "4": 0.011614254281896663,
      "5": 0.4217957167441452,
      "6": 0.8418144912493946,
      "7": 0.9591885521391145,
      "8": 0.9673033776376211,
      "9": 0.9781512151200586,
      "10": 0.9815732217217874,
      "11": 0.9866717818934906,
      "12": 0.9789397311826494,
      "13": 0.98787369472676,
      "14": 0.974009591917519,
      "15": 0.9898947456056333,
      "16": 0.992022973425053,
      "17": 0.9884631678997646,
      "18": 0.989986611554673,
      "19": 0.9908516825747968,
      "20": 0.992597135606551,
      "21": 0.994733018921724,
      "22": 0.9891215405345491,
      "23": 0.9888689091746901,
      "24": 0.9754641361106475,
      "25": 0.9828516895125898,
      "26": 0.9774545650065076,
      "27": 0.9755942795384538,
      "28": 0.9775847084343139,
      "29": 0.9546335321658962,
      "30": 0.9585608014873432
    }
  },
  "width12_k4_s44": {
    "max_adv": 0.9974398609553226,
    "final_adv": 0.9812128718607651,
    "traj": {
      "1": 0.027967327327298563,
      "2": 0.02653395606575759,
      "3": 0.02668725780495984,
      "4": 0.027898341544657534,
      "5": 0.05366836390455454,
      "6": 0.956462306066563,
      "7": 0.9885713553424728,
      "8": 0.9936839683448676,
      "9": 0.9959604991720209,
      "10": 0.9951096745194484,
      "11": 0.9945807835192008,
      "12": 0.9967729983897928,
      "13": 0.9932853838229417,
      "14": 0.9974398609553226,
      "15": 0.9826845685571066,
      "16": 0.9955159241283345,
      "17": 0.9909935228218683,
      "18": 0.9893991847341649,
      "19": 0.9944964675626394,
      "20": 0.991936328517962,
      "21": 0.988172770820547,
      "22": 0.9690253835941868,
      "23": 0.9880424643422251,
      "24": 0.9842865717317701,
      "25": 0.9886020156903133,
      "26": 0.9887016618207947,
      "27": 0.9888396333860767,
      "28": 0.9888626286469571,
      "29": 0.9870076776026099,
      "30": 0.9812128718607651
    }
  },
  "width16_k4_s43": {
    "max_adv": 0.4872489951762299,
    "final_adv": 0.470467106643759,
    "traj": {
      "1": -0.004593552721364302,
      "2": 0.03332647186865778,
      "3": 0.0245910089053597,
      "4": -0.0017378755212678065,
      "5": 0.023618700582538676,
      "6": 0.01006763183141024,
      "7": 0.013436259091577751,
      "8": 0.08709435652355868,
      "9": 0.32438352311817653,
      "10": 0.432034131993666,
      "11": 0.4024820837567419,
      "12": 0.4274635172793023,
      "13": 0.44971176913849964,
      "14": 0.4511970275213917,
      "15": 0.47019149168610885,
      "16": 0.42453128036874743,
      "17": 0.42616965817255614,
      "18": 0.2660679916620494,
      "19": 0.4240336422507681,
      "20": 0.4872489951762299,
      "21": 0.4400805575628388,
      "22": 0.4206650149906006,
      "23": 0.44860165333685353,
      "24": 0.4011805686789499,
      "25": 0.47140113511135084,
      "26": 0.4417648711929226,
      "27": 0.4738051100197431,
      "28": 0.4543972234185508,
      "29": 0.46683052039698725,
      "30": 0.470467106643759
    }
  },
  "width16_k4_s44": {
    "max_adv": 0.9891164625629156,
    "final_adv": 0.9875682410401754,
    "traj": {
      "1": -0.012069343630060292,
      "2": 0.016848675208052,
      "3": 0.006969182421853515,
      "4": 0.020198045531999775,
      "5": 0.1556214419938622,
      "6": 0.8409777220108258,
      "7": 0.9164343600869498,
      "8": 0.929218684344032,
      "9": 0.9434822499569997,
      "10": 0.9518211856834418,
      "11": 0.9572399610130324,
      "12": 0.9609265677082702,
      "13": 0.9679088934865687,
      "14": 0.9652263314422169,
      "15": 0.9521584220547318,
      "16": 0.9677019529860045,
      "17": 0.9231407651978292,
      "18": 0.9625361049348813,
      "19": 0.8792157278373146,
      "20": 0.9732586886493045,
      "21": 0.9746612853753513,
      "22": 0.9759719085455918,
      "23": 0.9721320125906768,
      "24": 0.9769836176594616,
      "25": 0.982471373155907,
      "26": 0.9845484426245337,
      "27": 0.9891164625629156,
      "28": 0.9879437997263847,
      "29": 0.9886872526358192,
      "30": 0.9875682410401754
    }
  },
  "width20_k4_s43": {
    "max_adv": 0.4408123501580047,
    "final_adv": 0.3618011977939012,
    "traj": {
      "1": 0.03673002354705324,
      "2": 0.017076765008423922,
      "3": 0.015208671871133173,
      "4": 0.012712776941801951,
      "5": 0.04164525221156434,
      "6": 0.0037168366290285526,
      "7": 0.03732720086143304,
      "8": 0.34733113209931243,
      "9": 0.4180966438533249,
      "10": 0.39871134949422504,
      "11": 0.43523869522379266,
      "12": 0.4215954904260376,
      "13": 0.4337151274601826,
      "14": 0.4408123501580047,
      "15": 0.4009239680051966,
      "16": 0.4251862104317319,
      "17": 0.4116425351863734,
      "18": 0.4075771357769413,
      "19": 0.39592452202711914,
      "20": 0.41405421280213817,
      "21": 0.43298779611574556,
      "22": 0.399676020540531,
      "23": 0.42546948685009156,
      "24": 0.3798696396135992,
      "25": 0.39043508440647356,
      "26": 0.3763707930408865,
      "27": 0.37852216259653704,
      "28": 0.36291133510909446,
      "29": 0.3744950437841805,
      "30": 0.3618011977939012
    }
  },
  "width20_k4_s44": {
    "max_adv": 0.9916455830211804,
    "final_adv": 0.9883574684487826,
    "traj": {
      "1": -0.004806424470010784,
      "2": -0.013436767147213313,
      "3": 0.005540789219352971,
      "4": -0.0320540871853352,
      "5": 0.0033717066459530987,
      "6": 0.017666190742740673,
      "7": 0.7290946164069922,
      "8": 0.8936459724788067,
      "9": 0.927845429872837,
      "10": 0.9507395982358958,
      "11": 0.9568176282030555,
      "12": 0.9468613092530677,
      "13": 0.8928718476027877,