{
  "b00_s43": {
    "max_adv": 0.018854535098558278,
    "final_adv": -0.0076386832207782085,
    "traj": {
      "1": -0.00842781031357509,
      "2": -0.020027212434880814,
      "3": -0.017039255481572146,
      "4": 0.0015626919097952996,
      "5": 0.009645498539899378,
      "6": -0.0009349336460473534,
      "7": -0.012411752917986574,
      "8": 0.017644029461064026,
      "9": 0.018854535098558278,
      "10": -0.0029039206639969173,
      "11": -0.0015478478928798722,
      "12": 0.01796580944065107,
      "13": 0.004941381695459657,
      "14": 0.003301836085182641,
      "15": 0.012173769808083601,
      "16": 0.004290160308200064,
      "17": -0.02225668800773417,
      "18": 0.0029647332494247003,
      "19": -0.008159660330585794,
      "20": -0.014924701330000012,
      "21": -0.003286992068267214,
      "22": -0.021712726613670297,
      "23": 0.011813682688069482,
      "24": 0.013997189692410372,
      "25": 0.0007275962484859511,
      "26": -0.005930184757732437,
      "27": -0.0003679879677271902,
      "28": -0.008381841745062735,
      "29": 0.005945028774647976,
      "30": -0.0076386832207782085
    }
  },
  "b00_s44": {
    "max_adv": 0.016576189914640826,
    "final_adv": -0.02003312374293209,
    "traj": {
      "1": 0.013392771335721476,
      "2": 0.0035517225556965792,
      "3": -0.010283904344991601,
      "4": 0.015106919801293417,
      "5": -0.013872902694782807,
      "6": 0.009260449141931804,
      "7": 0.00629129912120896,
      "8": 0.013691216827495079,
      "9": -0.0054628617855703165,
      "10": 0.005816847313773854,
      "11": -0.03273618826458158,
      "12": 0.016576189914640826,
      "13": -0.0010014843059789058,
      "14": -0.013452018026896884,
      "15": 0.01216072712609162,
      "16": 0.0067504460316299975,
      "17": 0.00717898314802301,
      "18": -0.0007183437112192603,
      "19": 0.015902774446023282,
      "20": -0.016444125393140885,
      "21": -0.00754432777947911,
      "22": -0.026629534355981477,
      "23": -0.002103436890989574,
      "24": -0.0007872157477823993,
      "25": -0.010819575740482756,
      "26": -0.010903752674059852,
      "27": -0.015013117522328479,
      "28": -0.018081749373642708,
      "29": -0.023882305341962118,
      "30": -0.02003312374293209
    }
  },
  "b00_s45": {
    "max_adv": 0.045983355252150915,
    "final_adv": -0.032972702312161095,
    "traj": {
      "1": 0.0009180909114501201,
      "2": -6.924249547091144e-05,
      "3": -0.00016108746355647519,
      "4": -0.02252533719241656,
      "5": -0.03392942072972027,
      "6": -0.01863723354345659,
      "7": -0.021714039974326527,
      "8": -0.0019520643412269667,
      "9": -0.004133382333261659,
      "10": 0.009658670374269485,
      "11": -0.005710054285398947,
      "12": 0.007385507414149117,
      "13": -0.02466073270040825,
      "14": 0.025685617305218456,
      "15": 0.0325969511536649,
      "16": 0.045983355252150915,
      "17": 0.013975383874295866,
      "18": 0.0062527528077592764,
      "19": 0.010202086435442959,
      "20": 0.036844780927627,
      "21": -0.004684452141775708,
      "22": 0.00983470656310026,
      "23": 0.01616435561367091,
      "24": 0.0006961322385763413,
      "25": 0.005257765653497892,
      "26": -0.0019137956045247595,
      "27": -0.003337392609852552,
      "28": -0.011213098623198414,
      "29": -0.02081855153549128,
      "30": -0.032972702312161095
    }
  },
  "b00_s46": {
    "max_adv": 0.016320945202529913,
    "final_adv": -0.01135118449596595,
    "traj": {
      "1": -0.04351524438928678,
      "2": 0.016320945202529913,
      "3": -0.0063456718385925814,
      "4": -0.01959916553629326,
      "5": -0.005096210026721337,
      "6": 0.0038876503629287074,
      "7": 0.001703008544626461,
      "8": 0.011438079103377019,
      "9": -0.021898788502927147,
      "10": -0.002060707710764609,
      "11": 0.013507739773347627,
      "12": -0.00891358415133392,
      "13": 0.008647869903861127,
      "14": -0.06881876243214946,
      "15": -0.0012328434427764101,
      "16": -0.009710786779767,
      "17": -0.013604815003267268,
      "18": 0.005236762503354031,
      "19": -0.03403313235686589,
      "20": -0.01974480832418002,
      "21": 0.002806827568610726,
      "22": -0.007602799060352439,
      "23": -0.025624177708874152,
      "24": 0.005160108404466235,
      "25": 0.003220759702604825,
      "26": 0.000729501488751394,
      "27": -0.02077963865916521,
      "28": -0.0054334880618278625,
      "29": -0.025708497217650894,
      "30": -0.01135118449596595
    }
  },
  "b08_s43": {
    "max_adv": 0.034593578439537476,
    "final_adv": 0.023106104156766394,
    "traj": {
      "1": 0.006436655447036754,
      "2": 0.019292232122765984,
      "3": -0.012670919873607023,
      "4": 0.006994596646399565,
      "5": 0.004441824583561571,
      "6": -0.028782427383973852,
      "7": -0.007641806049213606,
      "8": 0.020499830883030645,
      "9": -0.007427801205622364,
      "10": -0.017073305227483404,
      "11": -0.01455110528515835,
      "12": -0.00814624603767844,
      "13": 0.014576482533631085,
      "14": -0.00803924361588293,
      "15": -0.0156517016236275,
      "16": 0.001399898592515103,
      "17": -0.020604385146738347,
      "18": 0.006344939085497714,
      "19": -0.00021278076454733785,
      "20": 0.009906591125265707,
      "21": -0.017470742794152727,
      "22": -0.00813095997742197,
      "23": 0.017847699428525265,
      "24": 0.009073500841285664,
      "25": 0.020171180587515547,
      "26": 0.030603916712586998,
      "27": 0.034593578439537476,
      "28": 0.0252690816830633,
      "29": 0.031819158502980005,
      "30": 0.023106104156766394
    }
  },
  "b08_s44": {
    "max_adv": 0.02444477978429438,
    "final_adv": 0.011253841879206194,
    "traj": {
      "1": -0.015893613612054658,
      "2": -0.027614638529460223,
      "3": -0.02807398633811098,
      "4": -0.016261091858975174,
      "5": -0.03422159117722057,
      "6": -0.0067143132358498114,
      "7": 0.008145588374002699,
      "8": -0.02497338862971832,
      "9": -0.01667450488676092,
      "10": 0.0034832081161972894,
      "11": 0.004225820406849379,
      "12": -0.008911526920562851,
      "13": 0.00600962106377656,
      "14": -0.004915200985301071,
      "15": 0.01318310267553946,
      "16": 0.012287374448670452,
      "17": 0.015686548232686226,
      "18": 0.017745957574803906,
      "19": 0.0012400596506193517,
      "20": -0.0040118169616212285,
      "21": -0.007954552319207053,
      "22": -0.006254965427199055,
      "23": 0.020257058928761396,
      "24": 0.006239294968101938,
      "25": 0.02444477978429438,
      "26": 0.013129512097863616,
      "27": 0.012448146181698205,
      "28": 0.018258895961130617,
      "29": 0.020257058928761396,
      "30": 0.011253841879206194
    }
  },
  "b08_s45": {
    "max_adv": 0.04445631377798853,
    "final_adv": 0.008673262397126291,
    "traj": {
      "1": -0.02044446867733485,
      "2": -0.013541921126963397,
      "3": 0.008290637810076884,
      "4": 0.002007942090725301,
      "5": 0.00886457469065105,
      "6": -0.012064990220952643,
      "7": 0.0034083480793262177,
      "8": -0.0007393024442896579,
      "9": 0.023335436572860302,
      "10": -0.008904511131924364,
      "11": 0.028003456534863247,
      "12": 0.007976885648696364,
      "13": -0.008108651990861526,
      "14": 0.02198094553470531,
      "15": 0.014137141500192074,
      "16": 0.019570410636293945,
      "17": -0.0055909822080761895,
      "18": 0.04445631377798853,
      "19": 0.01510900795129766,
      "20": -0.003869171566353913,
      "21": -0.0031345323592189,
      "22": -0.020283766350774224,
      "23": -0.014751014822039554,
      "24": 0.0009518982304689283,
      "25": 0.005543393275062036,
      "26": -0.005606287191558312,
      "27": -3.5273204118668744e-05,
      "28": -0.00794794966430068,
      "29": -0.002637120396054682,
      "30": 0.008673262397126291
    }
  },